"","text"
"1"," pantes sri asih dh  ga uate webtoon  dibikin filmnya yh"
"2"," imo qodrat  genre filmnya jg beda kak habis  keramat    bertensi ang "
"3","   sri asih bagusta kl hh  bp ya   film dgn citra baik  kebanting "
"4"," setuju malaikat bukn nglima dewi krn konsey msih  wktu tbeda ruang gundalasri asihgo "
"5","bintangi sederet film  daun    serti sri asih  srimulat hil  mustahal yuk simak ofil ak "
"6","  ga terima klo  bilang cgi sriasih ga   bilang cgi  jelek sia  demen banget masukin a "
"7"," sug  kiro sri asih rabi sih"
"8","heran  pevita as sri asih s berantem tuh rambutnya stay   acakacakan  kek semrna   bi "
"9","review sri asih warning  kasi siler tistis biar nasaranfilm surhero terkereennnnz  g "
"10","buruan  sri asih biar  liat  "
"11"," sri asih bp the fabelmans coba  cek trailernya dl"
"12","  mending sri asih a wakanda"
"13","sri asih  official trailer  tayang  xxi  "
"14","mending  black nther a sri asih"
"15","jatmiko sri asih  is queer coded"
"16"," sri asih kali ya "
"17"," sri asih nder recomended"
"18","qodrat   jt  sri asih nyusul yuk nyusul"
"19","  foto s  gala emier sri asih"
"20","  sri asih"
"21"," sri asih dule kdong "
"22","review film sri asih versi ceon  ditonton diyoutube bstation  "
"23","jastibooking jual tiket  xxi cgvfee free alias gratis adminada omo diskonblack nther wakanda foreve "
"24"," sri asih"
"25","sri asih taml memukau  babak rtama plotnya det cinematografinya keren banget koreografinya juara "
"26","cocologiku gi  cover theme antom ngingetin  jeng sri asih sumh ga boong   s gitu temanya red "
"27","gua butuh riu film sri asih wakanda  the menu"
"28","udh  sri asih  om "
"29"," film  randy koroms   jorjoran  cgi karna terlibat  sutradara beda   han "
"30","membedah film sri asih"
"31","  teduh  ngeh  tementeman bak ibunya sia    ngeh  pevita main sri asih li "
"32","  suka sri asihasli bener bener ga nyangka sih endingnya   bener bener ah"
"33"," a  sih keistimewaan  asalusul  sri asih  a  faktafakta menarik  jagoan kesayang "
"34","sia  sri asihsri asih  jagoan rtama indonesia  jagoan reman rtama indonesia karakter "
"35","gila film sri asih keren  surhero cewek   coba  cita cantik banget  mah beneran sinema "
"36","review   sri asih  dibaca   yaaa"
"37","sri asih   berantem  wakanda forever  biosko    the fabelsman  the menu"
"38","ijinkan   thread membedah film sri asih   mohon maaf   ty yaaa  s ngetik ant "
"39","misteri    mengganjal  sri asih  motivasi ghazul   bebera teori ta mending disi "
"40"," genre   beda ya  nggunaannya beda klo bahas kualitas jgn liat kuantita "
"41"," bisanya mimin sri asih"
"42"," kemaren lusa  semangat bgd   sri asih karna horor kirain s tudei tau sur hero kayaknya ga jdi "
"43"," ijo ijo kek sri asih "
"44","kangen sri asih"
"45"," sri asih sur hero w  film horor "
"46"," desember   sri asih   ah"
"47","semalam  sri asih karya kak keren banget plot twistnya ga nyangka b "
"48"," n nntn sri asih"
"49"," cgi  mrs emang bagus ta   sri asihdengan rsi  x lit sam detail "
"50"," ah tikal ruangan lokal klasik runya  mengangguk mafhum mendati  sri asih  li "
"51"," sri asih bagus kayanya"
"52","  melewatkan aksi najwa shihab  film sri asih "
"53","matur suwun suroboyo terima kasih  mengijinkan  mamr  beraktivitas  sriasih  hadir d "
"54","sri asih sabi si"
"55","saking males  rumah  skinonton film bagus   black adam black nther sri asih  kyknya  avatar "
"56","sri asih gt gt gt gt gt gt gt gt gt gt gt the menujadi is ya nontonnikmatsinefil lokal   bijak uang   b "
"57","    benang merah  sri asih  gundala  bcu   titel   secar "
"58","blm  sri asih bagus "
"59","   duanya gaada  netflixkedua netflix n chill   istilah  tet  maksudm "
"60"," sri asih   ga ngikutin marvel"
"61","mencuri raden saleh  film indonesia terbaik  rnah sy tonton disusul no  sri asih no  gundala"
"62","sri asih    yh  ok sie visual   ya surhero  niee waswus duaaar visual effect cg "
"63","oh iya  timeline film sri asih  keliatan  gundala ta kayanya   titik    tim "
"64","pengen nnton sri asih"
"65","   sri asih   ta  lupa  atm  papaa  uang  disana "
"66","film sri asih dibikin poster ala drakor  penggemar jefri nichol   cerita cintata "
"67"," wakanda  emang suka marvel ta    sri asih "
"68","     film  biar  nyambung for me yha t sri asih "
"69"," sri asih"
"70","   ibadi   sri asih  filmnya beneran seru banget    saranin sender  "
"71"," sri asih  nder"
"72","si bangsat giliran dikasih film superhero  jatohnya gebrakan  film indonesia kagak   hadehhh mauny "
"73"," ajak     sri asih then  bilang     minat  film hero indonesia kaya "
"74"," sri asih nder  sri asih nder"
"75","  sri asih "
"76"," just info gatotkaca am sri asih vendor ngerjaan vfx   studio"
"77","review mba sri asih  motoran storyan"
"78","   end act  nutusri asih  tebalikin mobil sri asih   bantu gundala"
"79"," total i mean if you mention gundalasri asih"
"80","btw mba  sri asih centong    for "
"81"," trus jatmiko   werfull  sri asih terdesak    serangan  jat "
"82","jagabumi  film sri asih  anggota  berbeda  kayanya kebanyakan  orang  tugas  adala "
"83"," aaa iyaa  nder setujuu abis  sri asih lgsg   sm bcu iniii am sti ngikutin semoga fil "
"84"," jaman modern anggota inti jagabumi   mandala maza kanigara aquanus dhanus sri asih nani wijaya  awanggodam"
"85"," netflix and chill  sodara  bioskosemoga lu  car  kasian  beneran bego b "
"86"," sri asihini film action indo bagus banget wei   ditontonkmrn   beneran assss ban "
"87","  maksud  sri asih nder kena  sang dewi bgst kbru  klik  "
"88","  sri asih ta    "
"89"," sri asih btw klo   blm nntn  daerah jkt or tgr ingfoin nobar yak"
"90"," background story berantakan salah   background storynya ling bagus  rambut ya   ci "
"91"," sri asih"
"92","sri asih bagus banget anjrittt"
"93"," bahas  jagabumi kelomk   familiar  mbaca cergam bumilangit  film sri asih jag "
"94"," highly recommend the movies  barengan ya ntnnya  gundala  sri asih  rilis belangan equel "
"95"," sri asih seru nder"
"96","  milih sri asih  bagus jugaaata wakanda forever  mantealagi s scene dora milaje mukulin orang"
"97","  diakuin emang salah   terbaik cginya sri asih menang tis  ps  scene kain tih  ganngu "
"98","sri asih seru ga ya   bioskoyg  horor "
"99"," kalung  dike  prayogo   teori kalung   sengaja dikasih  ghazul  iming "
"100","profil  biodata jenny zhang aktris meran karakter sarita hamzah  pevita pearce  film sri asih "
"101"," sri asih "
"102"," trus tau drmana  menfess ttg sri asih"
"103"," orang da ngaren cgi  sri asih  avatar  a gimana ya  segi budget   ngerjaannya aj "
"104","  salaaaaaaah banget ga ngikutin film    namanya sinema vibe andai duitku   mun "
"105","abis kuliah     nobar sri asih ganih gaytembalang gaysemarang"
"106"," tan  sadari  sri asih "
"107"," sri asih aneh"
"108","yuk simak tret    pevita pearce cs "
"109"," jkt cus sri asih  keramat  deh "
"110","khusus bp  sri asih   bareng orang  ta   sibuk  huhu"
"111","semalem  sri asih  loh lohlohdibikin mikir   deket dijauhin   deket"
"112","   film sri asih  ghazul runya mengabdi da dewi a     misi membangkit "
"113","sri asih  tayang desember  ga ya pengen bet   "
"114"," togun maverick black panther wakanda forever sri asih black adam pengabdi setan  communion"
"115","   rambut  semt dibahas sm mbk u    ngebedain sur hero am "
"116","sri asih keren banget woy"
"117","gi  ngobrol  ayah  suruh   sri asih ta  ceritain   sam "
"118","belom  wakanda forever sri asih  the menu udh tayang  maahhh   semuaaaaa"
"119"," ntar    sri asih  bosenin fix  ketiduran sih pevita semoga u buktiin film u bagus ye"
"120","besok   sri asih  hehehe"
"121","  please please  guyss   buzzer   sesayang   bcu habis  sri as "
"122"," seng  villain e sri asih  lemah kebanyakan manusia  kecuali roh jahat ndek last "
"123"," sri asih"
"124"," plotmya   background story alana  berantakan konflik  dee dialog kaku ad "
"125"," ganggu  w  sri asih tuh efek fightingnya  aan banget deh cgi w ga eskktasi a ya cukulah "
"126","kumlan atasan cewek croedbcdsebuah utas miracleincellno miracle indo csemua sudirman umkm lockey astro lele "
"127","pengen noton sri asih cuman ga  temen  ngga   ngajakin hadeh  ngga   "
"128","  mas  cgi  bagus  film indonesia  wiro sableng foxtrot six ratu ilmu hitam dre "
"129"," an      film sri asih  bioskoitu  baik    g m "
"130","  setuju mas cgi sri asih  ningkatan  film gundala  gatot kaca"
"131","maw  sri asih s"
"132"," sll wallr mbak vita s jd sri asih  gila  emang  keren  sih"
"133"," sri asih"
"134","sejujurnya   film sri asih   jalan cerita  boring ya    sarnya  ed "
"135"," tau temennya naruto  suka makan  kn  jd gede sri asih jg "
"136"," ing sri asih ngadi idlix"
"137"," waah terima kasih  njelasannya ya kak  dewi a   tau  kah   alana "
"138"," sri asih "
"139"," sri asih"
"140","btw movie comnion sri asih nggak  logo koloninya yak "
"141","sri asih "
"142","now im waiting for cergam klasik sri asih versi remaster"
"143","    ngebahas roh setan kemunculan karakter  cukura antingnya   versi film  "
"144"," kunci  jd wadah dr dewi a   kemarahan  sri asih  kesabaran  maksud de "
"145"," kelar baca movie comnion sri asih  baca ulang  gundala so far menarik   flashback   "
"146"," gua rnah bilang cgi sri asih  keren    gua dibayar  ga  uang  masuk ya "
"147"," hilangnya jagau   misteri banget akah   hiduatau  mati sti taulah  komik "
"148"," coba cocokkan      jatmiko lang  rumahnyadan  rnyataan joko "
"149"," character develoent sri asih      gaada satun   korbanin  menc "
"150","  si nenek   salah  panjaga buana    cergam sri asih the official movie comnion p "
"151","maaf banget ta sri asih  bagus darida gundala  alur cerita  cinematic "
"152","    titisan  sri asih dewi a mencoba nyaliduluan ta  bayi alana diselam "
"153","sri asih was okay better than gundala"
"154","uya kelomk  digagalkan  sri asih nani wijaya karakter  dirankan  najwa shihab sri asih "
"155","sri asih oke sih tkok gundalanya ganti ciko"
"156","dewi a sertinya  dendam     dewi asih   dikalahkan  dikurung   "
"157"," wkwk  skrg  balikin   jg ndat lu  cgi sri asih g "
"158","dewi a   nglimanya  sertinya   lawan utama  film patriot  pasukan kegelan "
"159","   scene roh setan aka jatmiko vs alana aka sri asih  fight scene bener  bikin  menghela nafa "
"160","sri asih a keramat ya"
"161","sri asih bagus ta ngambil gambarnya   kurengg gmn gt"
"162"," sri asih bareng yuk"
"163"," imbang ya sre timenya  dike  scene scene   ngejawab bebera ot hole  udh   "
"164","sri asih bagus sih tkarena eksktasiku   kek cuman  "
"165","kirakira godam  tayang  ya  gundala  sri asih   nunggu   huhu "
"166","   ga nanya   bagus ta  segila sri asih   artian beda emang mrs "
"167","adek w senjang  sri asihanjir    cewe secakeinicakebanget anjirrrastagfirullah cake "
"168","seriously ya jujur kayaknya mah film    ngasih njelasan  detail     term "
"169","please minggu libur blum kesaman  wakandahh   sri asih  "
"170","sri asih komedinya lebi dikit  gundala feels like  serius  jrg ketawa"
"171","ide jeje   sri asih best "
"172","imo anger issuenya  tuh   took a big rt  sih  nghalangnya   nerusin garis  "
"173"," penilaian  sifatnya subjektif tergantung sia  nilai  ya sah     bilan "
"174","bener sih ta  the way si eyang didnt even bother to told her about how she have to control his emotion "
"175","reza rahadian emo banget  sri asih"
"176"," eyang blg alana  garis keturunanny sri asih titisanny sri asih but she also seems like she has t "
"177","sri asih    pevita was able to fulfill her role as sri asih throughout the film terrific the scenario "
"178","    sabar  sri asih  gundala bertemu    cerita godam  sabar  "
"179","abis  sriasih so sorry konten   mengandung siler     sri asih  urutan  "
"180","ajrrr sri asih keren  hellooo wajib  pls  mohon "
"181","   sri asih  ngasih liat  ndasi  rfect  universe saga sur hero lokal stlh kmr "
"182","mundur   jaman gundala joko anwar  rnah ngetwit     ki wilawuk  rta "
"183","ceritanya     film sri asih    jalan ceritanya miridan cukudekat  r "
"184"," sri asih silerfilmnya overall not bad cgi si   bnyk  bahas ya tg msi enjoy wat d tnton  "
"185","  ngira sri asih hantuan "
"186","  sri asih ta nasaran the menu "
"187","tolong  gatenang  mikirin plot hole  sri asih  kek kelanjutannya apaaaa"
"188"," sri asih movie comnion isinya kurleb latar     mufi    usu "
"189","gundala gt sri asih"
"190","review sri asih vita manteudah gitu  "
"191"," kecewa  sri asih"
"192","jujur gua   sri asih tbanyak  bilang   dikit   gitu   salah milihan tang "
"193","  sri asih  gundala  gaes"
"194","sri asihfilmnya  suka bangeeett ngeeet banggeeetttlebih bagus  banding gundala  teknisanimasicgief "
"195"," sri asih  wakanda bentar lg   disney"
"196","sri asih  ec dibanding gundala karna  si gundala  masuk agent kek avengersnya  cek marvelna mah"
"197","tbh sri asih kureng"
"198"," sri asih wakanda   disney wkwkwk"
"199","silerseru banget  sri asih  jurus kage bunshin"
"200","aktris  berdedi kasih  peran sebagi surhero cewek indonesia  surhero bumilangit berran sebag "
"201","oh iya sri asih   rnah difilmkan da   pemeran nani wijaya  aktris bernama mimi m "
"202"," sri asih"
"203","sri asih actionnya banyakkk nggak lit  gundala wkwkwk"
"204","  ak nntn sri asih"
"205"," bentuk aesiasi  dukungan  kemajuan rfilman nasional menteri bumn   kesibukannya menyem "
"206","konseya sri asih kh "
"207","duhhh   siler ta fighting scene  hamr  fight scene bagus cgv   ukuran indo "
"208"," kemirin alana versi cergam  film    nama  desain kostum sri asih  mirika "
"209"," sri asih"
"210","  a bersedih hati  baik  sri asih"
"211","marathon movie  kyknya bgus haha  blm nnton blacknther sri asih trus tambahin deh the menu am keramat "
"212","mnding  wakanda  sri asih  duany t wktuny g tau   ga wakanda  kali y"
"213","   habis  sri asih "
"214","  gaikut ngomongin sri asih dikul jg "
"215","ta  dikir ya gundala  segi cerita   baik  sri asih ya emang fokusnya beda si ta tem "
"216"," keknya abis  sri asih kebayangnya  ring kali"
"217","nasaran   sri asih  yu"
"218"," cergam sri asih the movie comnion kisah   alana  diceritakan kecintaan alana da ilmu b "
"219"," i just want to say we want more semoga oject bumilangit tetenjang umur   bener bener suk "
"220","  layak banget ditonton pevita sbg sri asih  ling tet teteutersonanya sm dimas anggara "
"221","jawabannya ngga serti      alana versi film  versinya   ngga berhubungan de "
"222","   lu ga  komain    bilang sri asih   baik  s "
"223","  sri asih  dirkenalkan    webtoon sri asih celestial goddess alana diceritakan "
"224","meaartistnya sri asih astagaa orang  cakejadi  cake"
"225","akah   nglima manusia  siluman  haus darah   cergam rtama tira berjudul dracula "
"226","   kaya build ucerita  sri asih  sia kaya jelasin karakter  villainnya  sia "
"227","sri asih   jagat cergam bumilangit dirkenalkan     aktivis lingkungan bernama rangga "
"228","sia    mengajak  sri asih dingl ngaku"
"229"," film karakter nani wijaya dirankan  najwa shihab pastinya  rbedaan latar    "
"230","sri asih oke  efeknya ga  terbang  garuda"
"231"," kemaren sri asih minggu   selasa  beda circle "
"232","btw film sri asih   ga booming  ya a krn salah timing ya  acting role jalan ceritanya bagus bangett"
"233","cergam rtama sri asih terbit   bak ra kosasih memrkenalkan  remam bernama nani wijaya "
"234"," sri asih "
"235","erick thohir  lut  serbuan masyarakat  memintanya  berfoto   menonton film  sri asi "
"236","  sri asih  tenggara    secetnya"
"237"," boikot sian  ngomongin sri asih"
"238","sri asih with no contextspevitanya   "
"239","  bahas alana ta    kenalan   ra sri asih    cergam bumilangit  in "
"240","sri asih gt black nther "
"241","pembahasan rtama    alana sang sri asih   sia   terang alana versi film  "
"242"," tabrakan  sri asih untung    bioskolebih lih sri asih "
"243","  bingung adakah  salah  film  sriasih  layak ditonton  bany "
"244","ya allah semoga jodohku  pevita pearcemaaf banget sri asih    bagus ta pevita cantik banget  allah ya rabb"
"245","  sri asih "
"246","sri asih bagus ges  gitu  tjgn dicomrenya  marvel ya mon ma"
"247","weh    sri asih  ngga sihhhmasi  bioskop  turun layar buru  "
"248","   calon sri asih  msh struggle ngelawan amarahnyakeren km ris semangat trs sam jd sri asih ya "
"249","sri asih rate  jumcarednya tet sasaran am   lumayan intriguing  orang   terla "
"250","sri asih  film  bumilangit cinematic universe bcu  tayang  biosko kehadirannya membuka semest "
"251","terharubgt  sriasih  rfilman indonesia  bikin film   cgieffect sekeren "
"252","kasian  ibumu  mengajarkan mu  menghargai remansri asih"
"253"," ngikutin bcu ah mari     gundala  sri asih  "
"254"," sri asih karna nasaran mbak v  mbak dian habis   tetetersena   reza rahadian "
"255"," sri asihmencuri raden salehpengabdi setan ngeri ngeri sedaerfect strangers"
"256"," bang tolong  bang emang  anak  diasuh  panti asuhan katholik belajar agama isl "
"257","   d snsori  terima kasih traktiran na  ntn td utk sri asih ku kasih r "
"258"," the menu  sri asih ya "
"259","sri asih bagus "
"260"," mencuri raden salehsri asih"
"261","keliatan dgn sri asih emang berhasil  nyambungin universenya dgn gundala ta  liat filmnya doang  ba "
"262","adegan gelut sri asih edun sih cuy"
"263","sri asih okelah sih  film indo yahnya cginya   smooth ceritanya  arahnya  dibawa kemana akting mainnya okkk"
"264","sri asih  si jimin "
"265","ingetin   review sri asih lu mulu  jumat kmrn"
"266"," bang sri asih bagusssh remake panji manusia milenium vs muka rusak bang "
"267","   ndat lu klo  bilang   kualitas gatotkaca salahnya "
"268","tokoh     tease  komik webtoon sri asih celesial goddess "
"269","sri asih keren sih karakter utamanya alagi they did very well  sayangnya  bebera rt  menurutku "
"270","   lu  ratakan  kualitas cgi sri asih  adegan fightnya  te "
"271","cari temen  wakanda  sri asih gaysemarang"
"272"," hahahaa sri asih "
"273","ta sri asih cantik banget argh"
"274","yuk f  sri asih besok sender mbills on meoyi"
"275","  asik banget baca njelasan   dikirkir emang  kaitannya kuat   ya  tim "
"276","timbang  ala dunia   sri asih wae nyawang vita  adem "
"277"," rangka mendukung industri rfilman indonesia  menonton film sri asih surhero asli indones "
"278","pusing  sri asih scrinya sungguhlah "
"279","sri asih  bagus yh"
"280"," bro sri asih tayang bro"
"281"," sri asih rgi  sar "
"282","  gaya fightnya sri asih  anggun kayanya keren sesuai namanya bertarung  nuh welas asih "
"283"," rame malam ffi muja sri asih  ae belain filmnyahalah kntl"
"284","sri asih keren mba  takjub ama adega reza dikerubunin vitasemoga   bcu  tira "
"285","ngga bereksktasi   sri asih ta wow ngga mengecewakan keren banget"
"286","sri asih kek tai jam  bikin bosen  mending gundala  bilang sri asih bagus selera filmnya jelek "
"287","sri asih kereeenkawal bumilangit cinematic universe sam lengkasemua "
"288","sri asih sriasih "
"289","sri asih was a  cukuoke"
"290","sri asih bagus deh sukaa  abis    virgo  "
"291","marah  sifat  sri asihjelas  "
"292","   misha nyengir lebar sri asih tunjukkanta   dengardengar  "
"293"," ayuk ajak temanteman    sri asih biar      kelanjut "
"294"," sekedar saran  bang gimana  ngadain omo   "
"295"," emg krn s scene   cristin hakim bilang     kekuatan serti sri a "
"296"," emti darida vyela  tersamikan   merta  sontak  suasana hati "
"297","sri asih lemnya bagus ta kelamaannnn   gelisah wwkwkk  gelisah     kebel "
"298"," sri asih yuk"
"299"," sri asih sih n  nnton "
"300"," sri asih  nggak nih alasannya  nambahin rsonil wanita tangguh  mcu"
"301","sri asih vs moon knight x dementor sriasih"
"302"," sri asih sti wkwk"
"303","       menilai buruk film sriasih    klo bilang bagus ya bagus "
"304","sri asih bagus banget  sia ngebut deadline ngejar film jam  biar tanggal tua   ribu worth it sekaleee "
"305","   sri asih  keren banget cuy film "
"306","black dat memanggil arwah ra leluhurnya  mengendalikan ruang  melitgandakan  ukuran da "
"307","   sri asih"
"308","  sri asihsriasih nontonsriasih"
"309","abis  sri asih mudah  "
"310","   adegan kabur     setuju ta   cgi  sri asih     bagus"
"311","sri asih  siler with no context "
"312","  mencuri raden saleh qodrat sri asih ngeringeri seda pengabdi setan "
"313"," ams    filmitu oni selera ibadi lu tolol   bero "
"314","yuk  sri asih  sriasih "
"315"," logika  deh hollywood filmnya dunia budget ratusan juta dollar sri asih film lokal ling ma "
"316","okay biar fair   jelasin kena   cgi sriasih     ling ga suka efek letusan gunun "
"317","joko anwar  oduser inovatif jagat sinema bumilangit angkat suara  rtanyaan   den karakter d "
"318"," kostum  bagusan sri asih  gundala ah wkwkw"
"319","  nggak  ek   komikroh setan  komik  musuhnya godam  sri asih"
"320","revaldo  sri asih jga"
"321","  pengabdi setan  mencuri raden saleh  srimulat hil  mustahal  sri asih perfect stranger"
"322"," sri asih salah  member agnation  sih hahaha ytta"
"323"," situasi    terkendali    turun tangan ah shiaman musnahkan ra koru "
"324"," karakter   film surhero sri asih "
"325"," jarang film indonesia cgi   sri asih "
"326","teruntuk  hak  terlibatfilm   film adisatria terbaik  adimin tonton an kemungkinnya "
"327"," gatot kaca no gundala sri asih yes"
"328","ah na kentang  scane ending berantem sri asih"
"329"," sri asih"
"330"," ta emang  mas film  sri asih  cgi   keren"
"331","  abang bayarin  sri asih"
"332"," hahaa  bang   sri asih versi ngondek    melayang kmna mna"
"333","  berani keluarin duit segitu gedenya  cgi  sejelek an filmnya ndatan  "
"334"," yukkkk   sri asih  tai"
"335"," ribu orang  lihat jakarta night aerial footage drone view stock video hd  k  sri asih "
"336","  abang bayarin  sri asih"
"337","woii sri asih seruuu"
"338"," gatau  liat  artikel daftar cast film sri asih wkwkwk"
"339"," sambutan   ketua komite ffi rezarahadian tugas thn  ye k  oud of u "
"340"," kebalikan sri asih"
"341","diajak  us onenya   hadir  undangan nobar sri asih besok   jam  siang ngomongin  dres "
"342"," film  wakanda  sri asih"
"343","okey ditunggu ceritanya oh ya  uda    lu  sri asih kak gits seru lohgitalk"
"344","sri asih gt gt gt black widow "
"345","movies ive watched sri asih setiasri asih landing    menatamusuhnya   "
"346","guys    sri asih issss kudu  ya  bagus banget gilaaaaaak   sabar  next oject godam "
"347"," bener habis monton sri asih    hlawan"
"348","cant stothinking how surya satra resembles surya loh and reza rahadian looks like jesus christ in sri asih"
"349","bright ngelawan sri asih g"
"350"," ayoo  sri asih gua  bayar"
"351"," tambahan   ditease  webtoon sri asih terkait nguasa lautan   "
"352","     sri asih"
"353","    berbekal  sri asih  x"
"354","abis nnton sri asih   naksir vita"
"355","sri asih siler no context "
"356","kebioskob  sri asih kean rakebioskob  sri asih  kolor "
"357","btw  nggak  maksud nyerang mas ya maaf    trigger  dibilang marketing  dibayar "
"358","ta  sri asih   ghazul  gundala"
"359"," nyambung   ghazul nyebut nama sri asih instead of gundala  sosok asih    ngalahin "
"360","semt  teori  kalimat  ta kondisi  berubah drastis  a   ketahui  film sri a "
"361","film sri asih ngenalin antagonis  jsb dewi adiceritakan   dewi a  ribuan a jutaan "
"362","sekedar warning thread  slightly mengandung siler sri asih   tetebaca ya monggo syukur s "
"363","aming bilang   banget  sri asih "
"364"," red cart  kesiler sri asih "
"365","duh gua belom  sri asih nih"
"366"," sri asih  nyam  juta i will go riot hahahha canda sumh guys buruan  bioskojangan ditundatunda "
"367","faktafakta  membuktikan  indonesia  mam   mengembangkan genre surhero  kualitas  "
"368","cgi   orang indonesiasangat membanggakan film sri asih  kualitas cgi   meningkat ternyat "
"369","kostum sri asih   amerikasebelumnya kostum gundala diakhir     negeri kali  sri asih "
"370","sri asih surhero indonesia     dilewatinadegan berantemnya intens banget gan berasa  "
"371","pembukanya gundala   sri asih  direct  ak  kelas surhero indonesia    da "
"372"," ayo  sri asih ngab"
"373","   bahas sri asih   getol  ngomongin bumi langit ga  gundala tiahari  "
"374","nani wijaya  hadirr ta mbak  blom  sri asih ffi "
"375","bebera kesalahan dirbaiki  gundala  sri asih patut disejajarkan  melebihi  bebera sisi  "
"376","temanteman yuk ngobrol  sri asih  bumilangit cinematic universe bareng  besok ja "
"377"," bedasri asih  universe  gundala  bumi langitkalo gatot kaca  satria dewan "
"378"," ohh    muncul  sri asih ya si virgo"
"379","ih lucu banget nani wijaya  belom  sri asih shshsvsh"
"380"," mendukung perfilman indonesia erick thohir menonton film sri asih thohir  serbu masyarakat  "
"381","  nggak setuju  cgi sri asih keren coba     film indonesia  cgi segila inicg "
"382","nganten blm semt  sri asih "
"383","jujur kekiran gini   gundala kesannya   siamasuk  bigger things s   hero "
"384"," sri asihmencuri raden salehperfect strangersqodratnoktah merah perkawinan"
"385"," fakta dewi a villain powerful  film sri asih "
"386","  lo da   film   am lu nyesel ga ngerasain hynya andaikata  masuk  pla "
"387"," rcaya film indonesia kedennya arahnya     nemuin titik terang   den rfilm "
"388"," oning rkenalan sri asih am  dat kekuatan sri asih  udh gila banget   ceritanya bener "
"389","   bilang  ka  lo berdua gila lo berdua keren abisini film   "
"390"," sebenernya  takut malu  ragu  review film sri asih but  film one of best  film indonesia "
"391","  ngeringeri seda noktah merah perkawinan before now am then sri asih mencuri raden saleh"
"392","sri asih    film indonésia  cgi terbaik  saät  kerén sih"
"393","asalusul dewi a  muncul  film sri asih via "
"394","tonton en  wes dadi sri asih  "
"395"," cake tsayang   film indo  diginiin hl  sri asih"
"396","sri asih tungguin  weekend "
"397"," seruseruan  gibahin filmnya no rules tumhkan  kesenangan  terhadafilmnya  baiknya no "
"398","eh anjir   gini    bs  sri asih woiiiiii adoeh"
"399","mim   nyata najwa shihab  berkesemtan  berakting  film sri asih  nani wijaya "
"400","seriously    sri asih "
"401"," bang  foto sri asih pev  full kostum donk thx"
"402","jujur  terbantu  bahasa baku   ucan  sri asih krn   ga  subtitle kadang suka beli "
"403","  sri asih  mengosongkan kela merendahkan eksktasi     film surhero action  gelutan"
"404","pevita pearce cantik banget  film sri asih"
"405","jmb   mw nemenin  rewatch sri asih  sit bills  ga f here  ga   like   dm"
"406"," dikirin film sri asih seru  ya  ngebangun universe  blcuselain ngebangun universe   bik "
"407","gilaaa sri asih bagus banget yak"
"408","cabut ah mending  sri asih"
"409","gimana rekanrekan  akah berkenan   sidang rang teori film sri asih "
"410","sri asih  menyenangkan  ditonton latar cerita  indonesia banget  berusaha dibaratbaratin mak "
"411","gabut gini  sri asih kayaknya seru nih"
"412"," kanigara  maza sancaka  gundala alana  sri asih awang  godam"
"413"," sesok sakwise awakmu odon sis gas sri asih"
"414","   uoad video review  film sri asih"
"415","mbak jog gimana  besok   film sri asih yn   ketuk dm "
"416","  sriasih  saranin  baiknya  ulang film gundala  gundala  ngenalan karakter s "
"417","  me time dadakan abis  jnt  makan hokben ana  sri asih eh  telfon temen  instal ms off "
"418","    sri asihnobarkomik sriasih"
"419"," abis  sri asih gilaaaaa keren banget bias women surhero  nambah  mbak alana i stan you mbak  "
"420","    sri asih bingung "
"421","bingung   black nther  sri asih"
"422","sri asih from zero to sur hero pereman indonesia "
"423","sri asihthis movie deserve an aausepevita sungguh cantik rirnacredit after scenenya huhuuy skali"
"424","serrrruuuuu  sri asih "
"425","gokil sri asih seru bangett"
"426","bebera dialog  sri asih  bikin cringe jujur ta   liatliat cocok  latar  sih ove "
"427","jefri  sri asih kumel  lemes banget  suka"
"428","  mba alagi   film gundala x sri asih     ditease  sia si "
"429","keren   sri asih"
"430","is sri asih better than gundala"
"431","my rating for sri asih  pevita is so fucking etty"
"432","sri asih "
"433"," yu sri asih"
"434"," mencuri radenngerinanapssri asih"
"435"," film sri asih  oneer  stardar film indonesia  genre surhero  kualitas cgivfx sec "
"436","fadly faisal kenang reaksi bibi ardiansyah  vanessa angel   terlibat  film sri asihkumranhits "
"437","sri asih bagus  anjirrrr asdafavavababsjkskskss"
"438","sri asihfreaking chefs kiss"
"439"," sri asih gas nder"
"440","skor memuaskan  temanteman reviewer  film sri asih terima kasih aesiasinya    yuk k "
"441","bebera adegan  sri asih kaya ketebak  kemana mananya  ran reza rahadian n sam ga bikin suris "
"442","halo jog     qodrat  sri asih kahh sedih   temen "
"443","  sri asih teh sianya gatot kaca"
"444","   sri asih  dehwalaun  "
"445","fallin in love  alana alias sri asih"
"446"," gasie ak rate film sri asih keren  sumpah   film fokus  nikmatin cerita  "
"447"," senjang filmnya fokus  sri asih    adegan  nyambung  gundala  adegan "
"448"," teta    kirim screen ct sri asih     gundala   kebingungan"
"449","iya sesuka    sri asihnonton yukaku tunggu   bioskoyaaa"
"450","sri asih  "
"451","  sri asih  webtoonnya"
"452"," wkwkwkw lesgo goals    minimal   sri asih "
"453","n  sri asih"
"454"," sriasih u  menyaksikan sri asih serti   transformasi pevita  bertumbuh  film "
"455","sri asihthe menuthe fabelsmanshe saidanjir giliran kaga  duit film bagus byk  "
"456"," rencana   cp  sri asih"
"457"," takut  siler  sri asih woy  karna  menaikkan hy   orang     sri as "
"458","a ya   disekati   aksi sri asihjangan sami ketinggalan ayo saksikan sriasih  "
"459"," mencuri raden shalehps  si  bagussri asih  "
"460"," ng mn sri asih"
"461","krikriu esode   sri asih film adiwira ak  jagoannya cantik "
"462","sri asih worth to watch  jadwal rilis mundur  okt   nov filmnya   film lokal  har "
"463","jog mbak mbak sek tersakiti ayo  sri asih"
"464"," iya   sri asih msh mikir nih om krn emang   tertarikklo dr rating sih  bagus "
"465"," mencuri raden salehnoktah merah perkawinanqodrat sri asihgaragara warisan"
"466"," sri asih "
"467","as a fans  migo sri asih udh kebanyakan jian  s ayo saatny rang teori momentum kek momentum kn "
"468","gundala sri asih godam "
"469","gundala buruh brik sri asih fight   brik hmmm "
"470","sri asih not bad "
"471","  sri asih  ga  timeline ceritanya   gundala"
"472","is there a way to stream sri asih legally penasaran"
"473"," beda gatotkaca satria dewa sri asih bumi langit"
"474"," pen  sri asih"
"475","pevita pearce  sri asih   obaaaaaat wey"
"476","sri asih the menu"
"477","  noktah merah perkawinan ngeringeri seda mencuri raden saleh sri asih nana"
"478","  sri asih gimana caranyaaaaa "
"479","  sri asih  gatot kaca ga     universe   nyatu  ya"
"480","okelah  filmnya mba sri asih "
"481","still long way to go but worth to wait i think ta  kali ya sri asih mata nani wijaya  very excited to  "
"482","sri asih mantul wohoo  ga sabar nih   avengersnya bumi langit aka patriot   ya temanteman sri asih "
"483","mending   a sri asih si "
"484","mat f    sri asih bills on me m"
"485","sri asih is a "
"486","  emre sih gas ta filmnya black nther   sri asih    gundala"
"487","     lumayan rame   sting konten sri asih   s "
"488"," sri asih"
"489"," sri asih seruuuu wkwkwk"
"490"," sri asih keren banget sih gila  teknis berani bersaing  holywood   menga "
"491","citacita   sri asih   suka bertarung"
"492","hiyak  senas  skrg ujan    sri asih nyaaa ujan mulu tiasore "
"493"," pdhl kn sblm na bkln virgo dl  film  mbuka triot taruna  sri asih krn "
"494","sri asih jelek ges salah banget rcaya rating netizen wkwkwk eksktasi    hdh"
"495"," acara lu    nntn sri asih ga  "
"496"," adisatria  anggota patriot    trinity semesta bumilangit sisa godam sancaka aka gundal "
"497","fix  wakanda forever trs   sri asih a the menu ya"
"498","  ya sri asih  disiaan  film  bcu  gundala"
"499","alana sri asih   da  "
"500","  rencananya   jumat  sabtu  sri asih h ta  liat movie reviewer ngasih s "
